https://www.cnblogs.com/,10
https://www.cnblogs.com/cmt/p/17320765,9
https://i.cnblogs.com/EditPosts.aspx?opt=1,9
https://click.aliyun.com/m/1000370062,9
https://img2023.cnblogs.com/blog/35695/202304/35695-20230416101421826-1789881984,9
https://www.cnblogs.com/huangxincheng/p/17412584,9
https://www.cnblogs.com/chingho/p/17393098,9
https://www.cnblogs.com/canwaiting/p/17414313,9
https://news.cnblogs.com/n/742191,9
https://www.cnblogs.com/javafront/p/17418700,9
https://pic.cnblogs.com/face/3192268/20230508070954,9
https://www.cnblogs.com/sorrymine/p/17418594,9
https://pic.cnblogs.com/face/3143233/20230416111616,9
https://www.cnblogs.com/DAYceng/p/17418584,9
https://pic.cnblogs.com/face/2382229/20210503142853,9
https://www.cnblogs.com/zhiyong-ITNote/p/17418557,9
https://pic.cnblogs.com/face/971683/20190409181422,9
https://img2023.cnblogs.com/blog/971683/202305/971683-2023,9
https://www.cnblogs.com/Chang-LeHung/p/17418541,9
https://pic.cnblogs.com/face/2519003/20220702111530,9
https://www.cnblogs.com/zjdxr-up/p/17418511,9
https://pic.cnblogs.com/face/1110857/20230410105338,9
https://www.cnblogs.com/chillsrc/p/17418387,9
https://www.cnblogs.com/huiwancode/p/17417709,9
https://pic.cnblogs.com/face/1535553/20210324104438,9
https://mp.weixin.qq.com/s/McD-kfsiQ7hW1UnsAriC1,9
https://www.cnblogs.com/konjac-wjh/p/17418357,9
https://pic.cnblogs.com/face/2160408/20230422124112,9
https://www.cnblogs.com/Fish0403/p/17188846,9
https://www.cnblogs.com/Fish0403,9
https://pic.cnblogs.com/face/2438934/20220212172219,9
https://www.cnblogs.com/feiyu2,9
https://pic.cnblogs.com/face/2286877/20220826113710,9
https://www.cnblogs.com/chenjiazhan/p/17418276,9
https://www.cnblogs.com/xfuture/p/17418197,9
https://pic.cnblogs.com/face/488581/20230514230926,9
https://www.cnblogs.com/leesf456/p/17418187,9
https://www.cnblogs.com/leesf456,9
https://pic.cnblogs.com/face/616953/20160324090549,9
https://www.cnblogs.com/shanzhiming/p/17406141,9
https://pic.cnblogs.com/face/1576687/20190306044211,9
https://www.cnblogs.com/SecurityHacker/p/17418063,9
https://pic.cnblogs.com/face/2684575/20220409154052,9
https://www.cnblogs.com/zjdxr-up/p/17418058,9
https://www.cnblogs.com/NutBlog/p/17418012,9
https://pic.cnblogs.com/face/2338016/20230521130506,9
https://www.cnblogs.com/ting1/p/17417981,9
https://www.cnblogs.com/ting1,9
https://pic.cnblogs.com/face/2078928/20221027095934,9
https://www.cnblogs.com/hyacinthLJP/p/17417959,9
https://pic.cnblogs.com/face/1494888/20190827205731,9
https://www.googletagmanager.com/gtag/js?id=UA-476124-1,9
https://hm.baidu.com/hm.js?866c9be12d4a814454792b1fd0fed295,9
http://www.w3.org/2000,9
http://www.beian.gov.cn/portal/registerSystemInfo?recordcode=33010602011771,9
https://common.cnblogs.com/favicon.svg,9
https://www.cnblogs.com/css/aggsite-new.min.css?v=WDHMKVowOHZOIPU8kd6UKPMyVzcawApxAb9qTB_ehP4,9
https://www.cnblogs.com/css/aggsite-mobile-new.min.css?v=p99GbFJuIlL8PqJt_ao6bXmUn0IfONwow-Jxvl3vsaM,9
http://feed.cnblogs.com/blog/sitehome/rss,9
https://news.cnblogs.com/,9
https://q.cnblogs.com/,9
https://www.cnblogs.com/cmt/p/17320765.html,9
https://ing.cnblogs.com/,9
https://edu.cnblogs.com/,9
https://www.cnblogs.com/legacy,9
https://home.cnblogs.com/,9
https://group.cnblogs.com/,9
https://wz.cnblogs.com/,9
https://job.cnblogs.com/,9
https://zzk.cnblogs.com/,9
https://passport.cnblogs.com/GetBlogApplyStatus.aspx,9
https://msg.cnblogs.com/,9
https://account.cnblogs.com/settings/account,9
https://account.cnblogs.com/signup,9
https://www.cnblogs.com/huangxincheng/p/17412584.html,9
https://www.cnblogs.com/aggsite/headline,9
https://www.cnblogs.com/chingho/p/17393098.html,9
https://www.cnblogs.com/aggsite/topdigged24h,9
https://www.cnblogs.com/canwaiting/p/17414313.html,9
https://www.cnblogs.com/aggsite/topcommented24h,9
https://news.cnblogs.com/n/742191/,9
https://www.cnblogs.com/javafront/p/17418700.html,9
https://www.cnblogs.com/javafront/,9
https://www.cnblogs.com/javafront/p/17418700.html#commentform,9
https://www.cnblogs.com/sorrymine/p/17418594.html,9
https://www.cnblogs.com/sorrymine/,9
https://www.cnblogs.com/sorrymine/p/17418594.html#commentform,9
https://www.cnblogs.com/DAYceng/p/17418584.html,9
